{"initial_reset_timestamp": 1544699149.016702, "timestamps": [1544699160.4894423], "episode_lengths": [1000], "episode_rewards": [1275.0517062137678], "episode_types": ["t"]}