{"initial_reset_timestamp": 1544703601.5192826, "timestamps": [1544703613.2051792], "episode_lengths": [1000], "episode_rewards": [1321.6669463375222], "episode_types": ["t"]}