{"initial_reset_timestamp": 1544727014.3603036, "timestamps": [1544727025.4592416], "episode_lengths": [1000], "episode_rewards": [4560.264562663666], "episode_types": ["t"]}