{"initial_reset_timestamp": 1544700655.9264038, "timestamps": [1544700667.1639628], "episode_lengths": [1000], "episode_rewards": [2439.9086524079853], "episode_types": ["t"]}