{"initial_reset_timestamp": 1544689327.1538377, "timestamps": [1544689338.5035741], "episode_lengths": [1000], "episode_rewards": [2007.0670423395702], "episode_types": ["t"]}