{"initial_reset_timestamp": 1544700813.6329994, "timestamps": [1544700825.204867], "episode_lengths": [1000], "episode_rewards": [-36.183958868895395], "episode_types": ["t"]}