{"initial_reset_timestamp": 1544703224.7204115, "timestamps": [1544703237.1867626], "episode_lengths": [1000], "episode_rewards": [823.0009467200748], "episode_types": ["t"]}