{"initial_reset_timestamp": 1544696968.1089478, "timestamps": [1544696979.8643112], "episode_lengths": [1000], "episode_rewards": [-70.91252284694211], "episode_types": ["t"]}