{"initial_reset_timestamp": 1544704050.842092, "timestamps": [1544704062.5232966], "episode_lengths": [1000], "episode_rewards": [1335.7915617795963], "episode_types": ["t"]}