{"initial_reset_timestamp": 1544728081.8858395, "timestamps": [1544728093.1580734], "episode_lengths": [1000], "episode_rewards": [4953.955599173238], "episode_types": ["t"]}