{"initial_reset_timestamp": 1544699514.4151337, "timestamps": [1544699525.5860522], "episode_lengths": [1000], "episode_rewards": [2348.46130610943], "episode_types": ["t"]}