{"initial_reset_timestamp": 1544701020.7041328, "timestamps": [1544701032.5120625], "episode_lengths": [1000], "episode_rewards": [1706.617840648803], "episode_types": ["t"]}