{"initial_reset_timestamp": 1544694014.8783047, "timestamps": [1544694026.0712721], "episode_lengths": [1000], "episode_rewards": [3172.8783983672733], "episode_types": ["t"]}