{"initial_reset_timestamp": 1544693967.3387907, "timestamps": [1544693978.3964977], "episode_lengths": [1000], "episode_rewards": [3119.957254411308], "episode_types": ["t"]}