{"initial_reset_timestamp": 1544690215.5318282, "timestamps": [1544690227.3745012], "episode_lengths": [1000], "episode_rewards": [989.0892684274822], "episode_types": ["t"]}