{"initial_reset_timestamp": 1544705799.8028247, "timestamps": [1544705811.4355443], "episode_lengths": [1000], "episode_rewards": [1209.7892120587765], "episode_types": ["t"]}