{"initial_reset_timestamp": 1544690502.2795668, "timestamps": [1544690513.4449587], "episode_lengths": [1000], "episode_rewards": [1924.5848718514917], "episode_types": ["t"]}