{"initial_reset_timestamp": 1544691666.3521483, "timestamps": [1544691677.9038205], "episode_lengths": [1000], "episode_rewards": [-4760.123208672474], "episode_types": ["t"]}