{"initial_reset_timestamp": 1544699691.8891122, "timestamps": [1544699703.1546695], "episode_lengths": [1000], "episode_rewards": [2633.1241022615445], "episode_types": ["t"]}