{"initial_reset_timestamp": 1544692661.8603952, "timestamps": [1544692673.1851313], "episode_lengths": [1000], "episode_rewards": [-10.034364384053065], "episode_types": ["t"]}