{"initial_reset_timestamp": 1544690920.5279737, "timestamps": [1544690931.7188609], "episode_lengths": [1000], "episode_rewards": [2019.302456402558], "episode_types": ["t"]}