{"initial_reset_timestamp": 1544703702.1198072, "timestamps": [1544703714.5263455], "episode_lengths": [1000], "episode_rewards": [1682.065966680751], "episode_types": ["t"]}