{"initial_reset_timestamp": 1544691013.7852526, "timestamps": [1544691025.0113437], "episode_lengths": [1000], "episode_rewards": [2023.507388640668], "episode_types": ["t"]}