{"initial_reset_timestamp": 1544704151.6741028, "timestamps": [1544704163.6189396], "episode_lengths": [1000], "episode_rewards": [1707.6675474617923], "episode_types": ["t"]}