{"initial_reset_timestamp": 1544697436.1730695, "timestamps": [1544697452.0124006], "episode_lengths": [1000], "episode_rewards": [2168.500516399976], "episode_types": ["t"]}