{"initial_reset_timestamp": 1544693495.596606, "timestamps": [1544693506.8036263], "episode_lengths": [1000], "episode_rewards": [3058.129008592783], "episode_types": ["t"]}