{"initial_reset_timestamp": 1544688979.9599147, "timestamps": [1544688990.9372647], "episode_lengths": [1000], "episode_rewards": [3074.1329875436845], "episode_types": ["t"]}