{"initial_reset_timestamp": 1544702370.507503, "timestamps": [1544702381.8948822], "episode_lengths": [1000], "episode_rewards": [1705.6451222188314], "episode_types": ["t"]}