{"initial_reset_timestamp": 1544690781.8041172, "timestamps": [1544690792.9589522], "episode_lengths": [1000], "episode_rewards": [1978.5107650900552], "episode_types": ["t"]}