{"initial_reset_timestamp": 1544700367.8583212, "timestamps": [1544700379.149731], "episode_lengths": [1000], "episode_rewards": [2064.2096813566855], "episode_types": ["t"]}