{"initial_reset_timestamp": 1544692222.628215, "timestamps": [1544692233.9060612], "episode_lengths": [1000], "episode_rewards": [-51.615561089081254], "episode_types": ["t"]}