{"initial_reset_timestamp": 1544700171.040289, "timestamps": [1544700183.4742918], "episode_lengths": [1000], "episode_rewards": [574.8798080495924], "episode_types": ["t"]}