{"initial_reset_timestamp": 1544697319.9778578, "timestamps": [1544697331.4163253], "episode_lengths": [1000], "episode_rewards": [2022.1607423011692], "episode_types": ["t"]}