{"initial_reset_timestamp": 1544702672.1027408, "timestamps": [1544702684.424489], "episode_lengths": [1000], "episode_rewards": [1883.3109634750479], "episode_types": ["t"]}