{"initial_reset_timestamp": 1544727922.6735852, "timestamps": [1544727933.912943], "episode_lengths": [1000], "episode_rewards": [4593.633269123681], "episode_types": ["t"]}