{"initial_reset_timestamp": 1544693825.5688963, "timestamps": [1544693836.691457], "episode_lengths": [1000], "episode_rewards": [3177.1214304074974], "episode_types": ["t"]}