{"initial_reset_timestamp": 1544690967.0010521, "timestamps": [1544690978.2800264], "episode_lengths": [1000], "episode_rewards": [2002.0056093805242], "episode_types": ["t"]}