{"initial_reset_timestamp": 1544693118.4831097, "timestamps": [1544693129.6083713], "episode_lengths": [1000], "episode_rewards": [2919.6499889645424], "episode_types": ["t"]}