{"initial_reset_timestamp": 1544691919.056035, "timestamps": [1544691930.4293077], "episode_lengths": [1000], "episode_rewards": [-522.3187654189854], "episode_types": ["t"]}