{"initial_reset_timestamp": 1544702420.8388574, "timestamps": [1544702432.6357188], "episode_lengths": [1000], "episode_rewards": [1784.2765070794906], "episode_types": ["t"]}