{"initial_reset_timestamp": 1544692420.244607, "timestamps": [1544692431.576315], "episode_lengths": [1000], "episode_rewards": [-37.13635482392567], "episode_types": ["t"]}