{"initial_reset_timestamp": 1544689169.1373675, "timestamps": [1544689180.6556027], "episode_lengths": [1000], "episode_rewards": [-21.9334133939509], "episode_types": ["t"]}