{"initial_reset_timestamp": 1544689274.4489524, "timestamps": [1544689285.8647249], "episode_lengths": [1000], "episode_rewards": [1878.4257119465317], "episode_types": ["t"]}