{"initial_reset_timestamp": 1544701752.5335863, "timestamps": [1544701764.3908072], "episode_lengths": [1000], "episode_rewards": [769.198943236795], "episode_types": ["t"]}