{"initial_reset_timestamp": 1544703121.107745, "timestamps": [1544703133.639402], "episode_lengths": [1000], "episode_rewards": [256.3602016543068], "episode_types": ["t"]}