{"initial_reset_timestamp": 1544726834.0425768, "timestamps": [1544726845.49503], "episode_lengths": [1000], "episode_rewards": [4384.037022184307], "episode_types": ["t"]}