{"initial_reset_timestamp": 1544692709.9783297, "timestamps": [1544692721.3445926], "episode_lengths": [1000], "episode_rewards": [-7.077754272871112], "episode_types": ["t"]}