{"initial_reset_timestamp": 1544726114.4069474, "timestamps": [1544726125.7862709], "episode_lengths": [1000], "episode_rewards": [2933.302548970915], "episode_types": ["t"]}