{"initial_reset_timestamp": 1544691107.1098008, "timestamps": [1544691118.2105434], "episode_lengths": [1000], "episode_rewards": [1965.1271166540294], "episode_types": ["t"]}