{"initial_reset_timestamp": 1544692173.711139, "timestamps": [1544692185.1226435], "episode_lengths": [1000], "episode_rewards": [-59.19592565496722], "episode_types": ["t"]}