{"initial_reset_timestamp": 1544690022.0805237, "timestamps": [1544690033.7560802], "episode_lengths": [1000], "episode_rewards": [-3600.3472593845436], "episode_types": ["t"]}