{"initial_reset_timestamp": 1544701247.4786081, "timestamps": [1544701259.2378597], "episode_lengths": [1000], "episode_rewards": [-121.131504176737], "episode_types": ["t"]}