{"initial_reset_timestamp": 1544692021.8691487, "timestamps": [1544692033.1996322], "episode_lengths": [1000], "episode_rewards": [-469.2776984948837], "episode_types": ["t"]}