{"initial_reset_timestamp": 1544695932.3644798, "timestamps": [1544695943.5299509], "episode_lengths": [1000], "episode_rewards": [2954.1015600846163], "episode_types": ["t"]}