{"initial_reset_timestamp": 1544699332.2514093, "timestamps": [1544699343.7493472], "episode_lengths": [1000], "episode_rewards": [2088.059045067886], "episode_types": ["t"]}