{"initial_reset_timestamp": 1544689432.2770247, "timestamps": [1544689443.5071762], "episode_lengths": [1000], "episode_rewards": [2330.4031030777023], "episode_types": ["t"]}