{"initial_reset_timestamp": 1544692613.4169977, "timestamps": [1544692624.7101104], "episode_lengths": [1000], "episode_rewards": [-6.871124596011988], "episode_types": ["t"]}