{"initial_reset_timestamp": 1544701298.2245357, "timestamps": [1544701310.3473523], "episode_lengths": [1000], "episode_rewards": [914.7310297013482], "episode_types": ["t"]}