{"initial_reset_timestamp": 1544705896.6896164, "timestamps": [1544705908.315548], "episode_lengths": [1000], "episode_rewards": [1895.5693510262943], "episode_types": ["t"]}