{"initial_reset_timestamp": 1544691717.003532, "timestamps": [1544691728.462949], "episode_lengths": [1000], "episode_rewards": [-493.3774447037468], "episode_types": ["t"]}