{"initial_reset_timestamp": 1544693589.0253735, "timestamps": [1544693600.1853967], "episode_lengths": [1000], "episode_rewards": [3042.807378914382], "episode_types": ["t"]}