{"initial_reset_timestamp": 1544702522.4500773, "timestamps": [1544702534.0073855], "episode_lengths": [1000], "episode_rewards": [1480.3197470078837], "episode_types": ["t"]}