{"initial_reset_timestamp": 1544700608.6907837, "timestamps": [1544700619.8295724], "episode_lengths": [1000], "episode_rewards": [2662.131489213723], "episode_types": ["t"]}