{"initial_reset_timestamp": 1544690455.549753, "timestamps": [1544690466.5956786], "episode_lengths": [1000], "episode_rewards": [1679.8168542511748], "episode_types": ["t"]}