{"initial_reset_timestamp": 1544690117.4951031, "timestamps": [1544690129.354121], "episode_lengths": [1000], "episode_rewards": [52.09272473853181], "episode_types": ["t"]}