{"initial_reset_timestamp": 1544696645.8719993, "timestamps": [1544696656.8143475], "episode_lengths": [1000], "episode_rewards": [3986.631250630228], "episode_types": ["t"]}