{"initial_reset_timestamp": 1544695745.4515808, "timestamps": [1544695757.1756349], "episode_lengths": [1000], "episode_rewards": [925.1372550146345], "episode_types": ["t"]}