{"initial_reset_timestamp": 1544693448.5211508, "timestamps": [1544693459.6916246], "episode_lengths": [1000], "episode_rewards": [3147.038397004539], "episode_types": ["t"]}