{"initial_reset_timestamp": 1544692072.5444872, "timestamps": [1544692083.9019234], "episode_lengths": [1000], "episode_rewards": [-333.1559136532869], "episode_types": ["t"]}