{"initial_reset_timestamp": 1544693920.078505, "timestamps": [1544693931.1731832], "episode_lengths": [1000], "episode_rewards": [3183.7887844803868], "episode_types": ["t"]}