{"initial_reset_timestamp": 1544727741.051368, "timestamps": [1544727752.3238535], "episode_lengths": [1000], "episode_rewards": [4579.272187287646], "episode_types": ["t"]}