{"initial_reset_timestamp": 1544700558.8247595, "timestamps": [1544700571.3613625], "episode_lengths": [1000], "episode_rewards": [602.9633991193174], "episode_types": ["t"]}