{"initial_reset_timestamp": 1544726297.306192, "timestamps": [1544726308.556507], "episode_lengths": [1000], "episode_rewards": [3655.5262551464402], "episode_types": ["t"]}