{"initial_reset_timestamp": 1544700120.5471876, "timestamps": [1544700132.9725232], "episode_lengths": [1000], "episode_rewards": [-17.310972626438158], "episode_types": ["t"]}