{"initial_reset_timestamp": 1544697200.3796995, "timestamps": [1544697212.8044555], "episode_lengths": [1000], "episode_rewards": [1766.1797245355117], "episode_types": ["t"]}