{"initial_reset_timestamp": 1544694804.5637047, "timestamps": [1544694815.6640427], "episode_lengths": [1000], "episode_rewards": [2223.06609852407], "episode_types": ["t"]}