{"initial_reset_timestamp": 1544689652.103519, "timestamps": [1544689664.4253433], "episode_lengths": [1000], "episode_rewards": [545.9643113388203], "episode_types": ["t"]}