{"initial_reset_timestamp": 1544690263.9240408, "timestamps": [1544690275.2404063], "episode_lengths": [1000], "episode_rewards": [1308.675670573578], "episode_types": ["t"]}