{"initial_reset_timestamp": 1544692468.9501314, "timestamps": [1544692480.2835438], "episode_lengths": [1000], "episode_rewards": [-11.670521542377607], "episode_types": ["t"]}