{"initial_reset_timestamp": 1544693872.7531955, "timestamps": [1544693884.053039], "episode_lengths": [1000], "episode_rewards": [3044.89154816657], "episode_types": ["t"]}