{"initial_reset_timestamp": 1544688777.8481665, "timestamps": [1544688789.2587278], "episode_lengths": [1000], "episode_rewards": [1327.0236373985601], "episode_types": ["t"]}