{"initial_reset_timestamp": 1544705848.1558695, "timestamps": [1544705859.8362257], "episode_lengths": [1000], "episode_rewards": [1699.7793293418827], "episode_types": ["t"]}