{"initial_reset_timestamp": 1544703172.6320436, "timestamps": [1544703185.566342], "episode_lengths": [1000], "episode_rewards": [510.05388222112856], "episode_types": ["t"]}