{"initial_reset_timestamp": 1544694219.318961, "timestamps": [1544694231.1180017], "episode_lengths": [1000], "episode_rewards": [-82.80927892230049], "episode_types": ["t"]}