{"initial_reset_timestamp": 1544690408.4048612, "timestamps": [1544690419.574213], "episode_lengths": [1000], "episode_rewards": [1817.8426125948579], "episode_types": ["t"]}