{"initial_reset_timestamp": 1544703947.7938628, "timestamps": [1544703960.5607545], "episode_lengths": [1000], "episode_rewards": [46.07853469267327], "episode_types": ["t"]}