{"initial_reset_timestamp": 1544700221.1973755, "timestamps": [1544700232.8168783], "episode_lengths": [1000], "episode_rewards": [1685.1183116999532], "episode_types": ["t"]}