{"initial_reset_timestamp": 1544703328.421539, "timestamps": [1544703340.2716753], "episode_lengths": [1000], "episode_rewards": [1410.5197163212702], "episode_types": ["t"]}