{"initial_reset_timestamp": 1544693213.0735998, "timestamps": [1544693224.141726], "episode_lengths": [1000], "episode_rewards": [2968.4896682693375], "episode_types": ["t"]}