{"initial_reset_timestamp": 1544690166.0661747, "timestamps": [1544690178.3185885], "episode_lengths": [1000], "episode_rewards": [529.6510161107797], "episode_types": ["t"]}