{"initial_reset_timestamp": 1544697085.0484364, "timestamps": [1544697096.8233695], "episode_lengths": [1000], "episode_rewards": [1360.2837101699345], "episode_types": ["t"]}