{"initial_reset_timestamp": 1544703502.844077, "timestamps": [1544703514.4996593], "episode_lengths": [1000], "episode_rewards": [-111.13726972018146], "episode_types": ["t"]}