{"initial_reset_timestamp": 1544688828.7335634, "timestamps": [1544688839.893815], "episode_lengths": [1000], "episode_rewards": [1845.2046307709413], "episode_types": ["t"]}