{"initial_reset_timestamp": 1544694688.457531, "timestamps": [1544694699.4679198], "episode_lengths": [1000], "episode_rewards": [2197.465639192556], "episode_types": ["t"]}