{"initial_reset_timestamp": 1544700270.3476472, "timestamps": [1544700282.067575], "episode_lengths": [1000], "episode_rewards": [1691.122168721003], "episode_types": ["t"]}