{"initial_reset_timestamp": 1544702824.8141575, "timestamps": [1544702836.5672987], "episode_lengths": [1000], "episode_rewards": [1961.751047894715], "episode_types": ["t"]}