{"initial_reset_timestamp": 1544705701.8206594, "timestamps": [1544705714.015693], "episode_lengths": [1000], "episode_rewards": [630.0113909257257], "episode_types": ["t"]}