{"initial_reset_timestamp": 1544701349.8636074, "timestamps": [1544701361.7109854], "episode_lengths": [1000], "episode_rewards": [1278.0849946337714], "episode_types": ["t"]}