{"initial_reset_timestamp": 1544705751.358049, "timestamps": [1544705763.0457907], "episode_lengths": [1000], "episode_rewards": [1447.4798450020605], "episode_types": ["t"]}