{"initial_reset_timestamp": 1544705652.9861195, "timestamps": [1544705664.7398846], "episode_lengths": [1000], "episode_rewards": [-143.9992611402291], "episode_types": ["t"]}