{"initial_reset_timestamp": 1544689798.0469055, "timestamps": [1544689809.510909], "episode_lengths": [1000], "episode_rewards": [1157.5958582003068], "episode_types": ["t"]}