{"initial_reset_timestamp": 1544693730.1061304, "timestamps": [1544693741.2389503], "episode_lengths": [1000], "episode_rewards": [3171.627378148133], "episode_types": ["t"]}