{"initial_reset_timestamp": 1544701904.746948, "timestamps": [1544701916.4249768], "episode_lengths": [1000], "episode_rewards": [1980.693723043876], "episode_types": ["t"]}