{"initial_reset_timestamp": 1544691616.3245301, "timestamps": [1544691627.690748], "episode_lengths": [1000], "episode_rewards": [-2731.453118343765], "episode_types": ["t"]}