{"initial_reset_timestamp": 1544688878.8364532, "timestamps": [1544688890.0939522], "episode_lengths": [1000], "episode_rewards": [2387.0624745473156], "episode_types": ["t"]}