{"initial_reset_timestamp": 1544701853.9250038, "timestamps": [1544701865.6284854], "episode_lengths": [1000], "episode_rewards": [1842.4380276264221], "episode_types": ["t"]}