{"initial_reset_timestamp": 1544689221.820901, "timestamps": [1544689233.5368874], "episode_lengths": [1000], "episode_rewards": [1272.1598682962538], "episode_types": ["t"]}