{"initial_reset_timestamp": 1544700751.1804557, "timestamps": [1544700762.4243052], "episode_lengths": [1000], "episode_rewards": [2740.507424945674], "episode_types": ["t"]}