{"initial_reset_timestamp": 1544689701.755109, "timestamps": [1544689713.6467142], "episode_lengths": [1000], "episode_rewards": [859.3899821034615], "episode_types": ["t"]}