{"initial_reset_timestamp": 1544693401.350123, "timestamps": [1544693412.5085785], "episode_lengths": [1000], "episode_rewards": [3181.0391983685586], "episode_types": ["t"]}