{"initial_reset_timestamp": 1544725930.5288167, "timestamps": [1544725941.9559479], "episode_lengths": [1000], "episode_rewards": [2563.5595959920774], "episode_types": ["t"]}