{"initial_reset_timestamp": 1544701701.4032037, "timestamps": [1544701713.8858871], "episode_lengths": [1000], "episode_rewards": [126.20425793057338], "episode_types": ["t"]}