{"initial_reset_timestamp": 1544694570.5537636, "timestamps": [1544694581.6768482], "episode_lengths": [1000], "episode_rewards": [2159.15824248467], "episode_types": ["t"]}