{"initial_reset_timestamp": 1544691517.0939326, "timestamps": [1544691528.7862663], "episode_lengths": [1000], "episode_rewards": [-6446.75777363891], "episode_types": ["t"]}