{"initial_reset_timestamp": 1544690360.3484833, "timestamps": [1544690371.7941985], "episode_lengths": [1000], "episode_rewards": [1452.4801529620777], "episode_types": ["t"]}