{"initial_reset_timestamp": 1544689555.995608, "timestamps": [1544689567.6769388], "episode_lengths": [1000], "episode_rewards": [-1984.7279829355714], "episode_types": ["t"]}