{"initial_reset_timestamp": 1544700862.927035, "timestamps": [1544700875.632133], "episode_lengths": [1000], "episode_rewards": [396.7578307246784], "episode_types": ["t"]}