{"initial_reset_timestamp": 1544702874.4969516, "timestamps": [1544702885.8738923], "episode_lengths": [1000], "episode_rewards": [1938.7084045830136], "episode_types": ["t"]}