{"initial_reset_timestamp": 1544690828.1541705, "timestamps": [1544690839.2928882], "episode_lengths": [1000], "episode_rewards": [1978.6253543903324], "episode_types": ["t"]}