{"initial_reset_timestamp": 1544701497.1695898, "timestamps": [1544701508.4285865], "episode_lengths": [1000], "episode_rewards": [2215.3223624347665], "episode_types": ["t"]}