{"initial_reset_timestamp": 1544703070.7879846, "timestamps": [1544703082.7184398], "episode_lengths": [1000], "episode_rewards": [-80.54769127508402], "episode_types": ["t"]}