{"initial_reset_timestamp": 1544694336.6565874, "timestamps": [1544694347.8311832], "episode_lengths": [1000], "episode_rewards": [1900.6115035805994], "episode_types": ["t"]}