{"initial_reset_timestamp": 1544688929.6401155, "timestamps": [1544688940.5306554], "episode_lengths": [1000], "episode_rewards": [2648.4164464462347], "episode_types": ["t"]}