{"initial_reset_timestamp": 1544703552.3947797, "timestamps": [1544703564.0198414], "episode_lengths": [1000], "episode_rewards": [1178.4340992145856], "episode_types": ["t"]}