{"initial_reset_timestamp": 1544701651.7528663, "timestamps": [1544701663.5191135], "episode_lengths": [1000], "episode_rewards": [-54.32097067146382], "episode_types": ["t"]}