{"initial_reset_timestamp": 1544691868.6854668, "timestamps": [1544691880.0393715], "episode_lengths": [1000], "episode_rewards": [-2065.87310765583], "episode_types": ["t"]}