{"initial_reset_timestamp": 1544727376.8448582, "timestamps": [1544727388.0666566], "episode_lengths": [1000], "episode_rewards": [4133.895140583386], "episode_types": ["t"]}