{"initial_reset_timestamp": 1544690548.7661736, "timestamps": [1544690559.9397237], "episode_lengths": [1000], "episode_rewards": [1917.5320714696697], "episode_types": ["t"]}