{"initial_reset_timestamp": 1544698956.4874008, "timestamps": [1544698969.6184986], "episode_lengths": [1000], "episode_rewards": [-144.58602252513867], "episode_types": ["t"]}