{"initial_reset_timestamp": 1544694452.9917817, "timestamps": [1544694464.2250295], "episode_lengths": [1000], "episode_rewards": [1983.0140798245081], "episode_types": ["t"]}