{"initial_reset_timestamp": 1544703999.840768, "timestamps": [1544704011.6811538], "episode_lengths": [1000], "episode_rewards": [1377.4179423287164], "episode_types": ["t"]}