{"initial_reset_timestamp": 1544693778.2944129, "timestamps": [1544693789.5215173], "episode_lengths": [1000], "episode_rewards": [3076.9939347594463], "episode_types": ["t"]}