{"initial_reset_timestamp": 1544689379.5264974, "timestamps": [1544689390.8235357], "episode_lengths": [1000], "episode_rewards": [2117.293631192257], "episode_types": ["t"]}