{"initial_reset_timestamp": 1544691566.1435003, "timestamps": [1544691577.5022314], "episode_lengths": [1000], "episode_rewards": [-2757.3677621356], "episode_types": ["t"]}