{"initial_reset_timestamp": 1544702620.0267563, "timestamps": [1544702633.0838914], "episode_lengths": [1000], "episode_rewards": [348.1376904931648], "episode_types": ["t"]}