{"initial_reset_timestamp": 1544692320.6668932, "timestamps": [1544692333.1530662], "episode_lengths": [1000], "episode_rewards": [-393976.50106395624], "episode_types": ["t"]}