{"initial_reset_timestamp": 1544692371.000375, "timestamps": [1544692382.4801252], "episode_lengths": [1000], "episode_rewards": [-1329.2893632787489], "episode_types": ["t"]}