{"initial_reset_timestamp": 1544691199.3654008, "timestamps": [1544691210.409003], "episode_lengths": [1000], "episode_rewards": [2050.7146042462214], "episode_types": ["t"]}