{"initial_reset_timestamp": 1544691767.870785, "timestamps": [1544691779.2469094], "episode_lengths": [1000], "episode_rewards": [-938.2660013301977], "episode_types": ["t"]}