{"initial_reset_timestamp": 1544693071.5103528, "timestamps": [1544693082.659596], "episode_lengths": [1000], "episode_rewards": [2287.6408765708657], "episode_types": ["t"]}