{"initial_reset_timestamp": 1544702723.8246062, "timestamps": [1544702735.5220027], "episode_lengths": [1000], "episode_rewards": [1936.4078240881279], "episode_types": ["t"]}