{"initial_reset_timestamp": 1544726477.546859, "timestamps": [1544726488.7556531], "episode_lengths": [1000], "episode_rewards": [4101.680047287347], "episode_types": ["t"]}