{"initial_reset_timestamp": 1544688727.2973003, "timestamps": [1544688738.9022717], "episode_lengths": [1000], "episode_rewards": [-20.66930740147691], "episode_types": ["t"]}