{"initial_reset_timestamp": 1544693165.6799393, "timestamps": [1544693176.9386437], "episode_lengths": [1000], "episode_rewards": [2806.5757903856265], "episode_types": ["t"]}