{"initial_reset_timestamp": 1544702471.2165604, "timestamps": [1544702483.6852095], "episode_lengths": [1000], "episode_rewards": [1364.2026682079656], "episode_types": ["t"]}