{"initial_reset_timestamp": 1544691153.3638504, "timestamps": [1544691164.5069995], "episode_lengths": [1000], "episode_rewards": [2028.9354301998014], "episode_types": ["t"]}