{"initial_reset_timestamp": 1544700966.585723, "timestamps": [1544700978.9248128], "episode_lengths": [1000], "episode_rewards": [1244.710858515093], "episode_types": ["t"]}