{"initial_reset_timestamp": 1544692758.4089475, "timestamps": [1544692769.70442], "episode_lengths": [1000], "episode_rewards": [-7.070434684745653], "episode_types": ["t"]}