{"initial_reset_timestamp": 1544693635.981319, "timestamps": [1544693647.082899], "episode_lengths": [1000], "episode_rewards": [3127.011187919109], "episode_types": ["t"]}