{"initial_reset_timestamp": 1544703758.3051505, "timestamps": [1544703771.3292332], "episode_lengths": [1000], "episode_rewards": [1812.6012809627223], "episode_types": ["t"]}