{"initial_reset_timestamp": 1544726655.7777693, "timestamps": [1544726667.2025375], "episode_lengths": [1000], "episode_rewards": [4512.0085665050965], "episode_types": ["t"]}