{"initial_reset_timestamp": 1544692123.1604996, "timestamps": [1544692134.9040842], "episode_lengths": [1000], "episode_rewards": [-210.4417480388267], "episode_types": ["t"]}