{"initial_reset_timestamp": 1544696113.186207, "timestamps": [1544696124.3304312], "episode_lengths": [1000], "episode_rewards": [3568.044455515387], "episode_types": ["t"]}