{"initial_reset_timestamp": 1544693683.0047488, "timestamps": [1544693694.1257877], "episode_lengths": [1000], "episode_rewards": [3069.3540533028668], "episode_types": ["t"]}