{"initial_reset_timestamp": 1544693542.3200305, "timestamps": [1544693553.3503313], "episode_lengths": [1000], "episode_rewards": [3170.528254865483], "episode_types": ["t"]}