{"initial_reset_timestamp": 1544701803.4937317, "timestamps": [1544701815.0736842], "episode_lengths": [1000], "episode_rewards": [1473.6383116231386], "episode_types": ["t"]}