{"initial_reset_timestamp": 1544693260.1234457, "timestamps": [1544693271.243366], "episode_lengths": [1000], "episode_rewards": [3077.8657854932385], "episode_types": ["t"]}