{"initial_reset_timestamp": 1544690874.256851, "timestamps": [1544690885.443985], "episode_lengths": [1000], "episode_rewards": [1987.422073135702], "episode_types": ["t"]}