{"initial_reset_timestamp": 1544693307.3157754, "timestamps": [1544693318.6280391], "episode_lengths": [1000], "episode_rewards": [2951.4115164073314], "episode_types": ["t"]}