{"initial_reset_timestamp": 1544692880.6602848, "timestamps": [1544692892.9314032], "episode_lengths": [1000], "episode_rewards": [-13.975819483023738], "episode_types": ["t"]}