{"initial_reset_timestamp": 1544693024.406042, "timestamps": [1544693035.5915997], "episode_lengths": [1000], "episode_rewards": [2936.8382671565782], "episode_types": ["t"]}