{"initial_reset_timestamp": 1544692517.2322962, "timestamps": [1544692528.532757], "episode_lengths": [1000], "episode_rewards": [-10.015232628223103], "episode_types": ["t"]}