{"initial_reset_timestamp": 1544700703.075343, "timestamps": [1544700714.2575214], "episode_lengths": [1000], "episode_rewards": [2507.196389177447], "episode_types": ["t"]}