{"initial_reset_timestamp": 1544704101.3621013, "timestamps": [1544704113.0580008], "episode_lengths": [1000], "episode_rewards": [1553.3647064788054], "episode_types": ["t"]}