{"initial_reset_timestamp": 1544690595.074923, "timestamps": [1544690606.3622851], "episode_lengths": [1000], "episode_rewards": [1916.570613336558], "episode_types": ["t"]}