{"initial_reset_timestamp": 1544690069.5668707, "timestamps": [1544690080.825957], "episode_lengths": [1000], "episode_rewards": [-39.445695155023806], "episode_types": ["t"]}