{"initial_reset_timestamp": 1544690641.9430504, "timestamps": [1544690653.1479888], "episode_lengths": [1000], "episode_rewards": [1953.220815834559], "episode_types": ["t"]}