{"initial_reset_timestamp": 1544700913.729864, "timestamps": [1544700927.5347276], "episode_lengths": [1000], "episode_rewards": [834.292356741795], "episode_types": ["t"]}