{"initial_reset_timestamp": 1544700509.0853388, "timestamps": [1544700521.4834542], "episode_lengths": [1000], "episode_rewards": [-77.90601268292488], "episode_types": ["t"]}