{"initial_reset_timestamp": 1544701399.284882, "timestamps": [1544701410.635343], "episode_lengths": [1000], "episode_rewards": [1775.6153509120836], "episode_types": ["t"]}