{"initial_reset_timestamp": 1544691818.0688686, "timestamps": [1544691829.4597516], "episode_lengths": [1000], "episode_rewards": [-599.7735126893378], "episode_types": ["t"]}