{"initial_reset_timestamp": 1544690735.0431314, "timestamps": [1544690746.3437848], "episode_lengths": [1000], "episode_rewards": [1939.4084036046575], "episode_types": ["t"]}