{"initial_reset_timestamp": 1544692271.5331235, "timestamps": [1544692283.4780061], "episode_lengths": [1000], "episode_rewards": [-51409.86641490781], "episode_types": ["t"]}