{"initial_reset_timestamp": 1544691060.5351975, "timestamps": [1544691071.7014315], "episode_lengths": [1000], "episode_rewards": [1975.458952865976], "episode_types": ["t"]}