{"initial_reset_timestamp": 1544725743.4841962, "timestamps": [1544725755.1501698], "episode_lengths": [1000], "episode_rewards": [1817.217285255402], "episode_types": ["t"]}