{"initial_reset_timestamp": 1544697555.5245657, "timestamps": [1544697567.0664692], "episode_lengths": [1000], "episode_rewards": [2163.675070020223], "episode_types": ["t"]}