{"initial_reset_timestamp": 1544700319.1559925, "timestamps": [1544700330.6980348], "episode_lengths": [1000], "episode_rewards": [1584.0073201955788], "episode_types": ["t"]}