{"initial_reset_timestamp": 1544690688.7167504, "timestamps": [1544690699.9664083], "episode_lengths": [1000], "episode_rewards": [1928.8429841523227], "episode_types": ["t"]}