{"initial_reset_timestamp": 1544696470.4583132, "timestamps": [1544696481.3203013], "episode_lengths": [1000], "episode_rewards": [4068.0391447817888], "episode_types": ["t"]}