{"initial_reset_timestamp": 1544702269.0161777, "timestamps": [1544702281.5863247], "episode_lengths": [1000], "episode_rewards": [133.8073902161818], "episode_types": ["t"]}