{"initial_reset_timestamp": 1544703651.078943, "timestamps": [1544703663.0335674], "episode_lengths": [1000], "episode_rewards": [1488.326717270677], "episode_types": ["t"]}