{"initial_reset_timestamp": 1544701448.2658012, "timestamps": [1544701459.65171], "episode_lengths": [1000], "episode_rewards": [2197.566422574797], "episode_types": ["t"]}