{"initial_reset_timestamp": 1544693354.639705, "timestamps": [1544693365.812114], "episode_lengths": [1000], "episode_rewards": [3060.4641352226854], "episode_types": ["t"]}