{"initial_reset_timestamp": 1544691969.7347443, "timestamps": [1544691981.163804], "episode_lengths": [1000], "episode_rewards": [-1209.6445411407663], "episode_types": ["t"]}