{"initial_reset_timestamp": 1544704202.9972103, "timestamps": [1544704214.7899642], "episode_lengths": [1000], "episode_rewards": [1759.7903779209273], "episode_types": ["t"]}