{"initial_reset_timestamp": 1544696292.0730524, "timestamps": [1544696303.032202], "episode_lengths": [1000], "episode_rewards": [3763.481177980875], "episode_types": ["t"]}