{"initial_reset_timestamp": 1544694062.3188024, "timestamps": [1544694073.5258842], "episode_lengths": [1000], "episode_rewards": [3185.6492693610835], "episode_types": ["t"]}