{"initial_reset_timestamp": 1544689749.8996058, "timestamps": [1544689761.7948463], "episode_lengths": [1000], "episode_rewards": [922.9041744139682], "episode_types": ["t"]}