{"initial_reset_timestamp": 1544701070.9967208, "timestamps": [1544701082.3127277], "episode_lengths": [1000], "episode_rewards": [2290.6349117556147], "episode_types": ["t"]}