{"initial_reset_timestamp": 1544699871.1207047, "timestamps": [1544699882.2859917], "episode_lengths": [1000], "episode_rewards": [2666.170295941301], "episode_types": ["t"]}