{"initial_reset_timestamp": 1544690312.1435406, "timestamps": [1544690323.6088524], "episode_lengths": [1000], "episode_rewards": [1418.6347203991925], "episode_types": ["t"]}