{"initial_reset_timestamp": 1544702320.120011, "timestamps": [1544702331.5345843], "episode_lengths": [1000], "episode_rewards": [1184.067107540354], "episode_types": ["t"]}