{"initial_reset_timestamp": 1544702774.369955, "timestamps": [1544702785.8867052], "episode_lengths": [1000], "episode_rewards": [1931.3964551370125], "episode_types": ["t"]}