{"initial_reset_timestamp": 1544703276.2975676, "timestamps": [1544703288.0827272], "episode_lengths": [1000], "episode_rewards": [1462.1476906900714], "episode_types": ["t"]}