{"initial_reset_timestamp": 1544727559.4851916, "timestamps": [1544727570.768846], "episode_lengths": [1000], "episode_rewards": [4487.216861580487], "episode_types": ["t"]}