{"initial_reset_timestamp": 1544689604.1989517, "timestamps": [1544689615.4445307], "episode_lengths": [1000], "episode_rewards": [-132.76636550463937], "episode_types": ["t"]}