{"initial_reset_timestamp": 1544727195.0704577, "timestamps": [1544727206.3421721], "episode_lengths": [1000], "episode_rewards": [4547.626871594669], "episode_types": ["t"]}