{"initial_reset_timestamp": 1544692929.0375476, "timestamps": [1544692940.371462], "episode_lengths": [1000], "episode_rewards": [1861.0635663312055], "episode_types": ["t"]}