{"initial_reset_timestamp": 1544725550.9275424, "timestamps": [1544725563.8091264], "episode_lengths": [1000], "episode_rewards": [356.0545364071052], "episode_types": ["t"]}