{"initial_reset_timestamp": 1544692976.8783355, "timestamps": [1544692988.1054595], "episode_lengths": [1000], "episode_rewards": [2330.369404087227], "episode_types": ["t"]}