{"initial_reset_timestamp": 1544692565.2163131, "timestamps": [1544692576.5308888], "episode_lengths": [1000], "episode_rewards": [-73.79194074666806], "episode_types": ["t"]}